,companyName,url,address,tel,fax,website,year,ust,employee,detail,txt
0,ELMEKO GmbH + Co. KG,https://de.kompass.com/c/elmeko-gmbh-co-kg/de504642/,Graf-Zeppelin-Str. 5 56479 Liebenscheid,49,+49 2736 50974830,http://www.elmeko.de,2004,DE814139072,10 Mitarbeiter,"Komponenten für den Schaltschrank:  Schaltschrank-Klimatisierung, Peltier-Kühlhgeräte, Schaltschrankheizungen, Lüfter, Kühlgeräte, Schaltschrankleuchten, LED-Leuchten, Schaltplantaschen, Steckdosen, Massebänder  Kühlgeräte für Schaltschränke; Lüfter für Schaltschränke; Entfeuchtungsgeräte ",Dipl.-Ing. Burkhard  Herr  Geschäftsführung  Sprachkenntnisse  Deutsch  Herr David  Streit  Vertriebsleitung  Sprachkenntnisse  Deutsch  Herr Stephan  Thomas  Einkaufsleitung  Sprachkenntnisse  Deutsch
1,CNC-Präzisionstechnik Schmidt & Kexel GmbH,https://de.kompass.com/c/schmidt-kexel-gmbh/de600552/,Westerburger Straße 38 b 56470 Bad Marienberg,49,+49 2661 985518,http://www.sk-cnc.de,1982,DE243964186,Amtsgericht Montabaur HRB: 20057,"Fertigung von kundenspezifischen Drehteilen nach Zeichnung in mittleren und kleinen Losgrössen in allen zerspanbaren Werkstoffen. Im Drehbereich bis zu 65 mm von der Stange und bis zu 200 mm im Spannfutter. Antriebstechnik, Einschraubnippel, Generatorenbau, Anlagenbau, Flansche, Muttern, Stutzen.  Flansche, Metall ",Herr Lothar  Schmidt  Geschäftsführung  Frau Petra  Kexel  Geschäftsführung
2,ZENO Zerkleinerungsmaschinenbau Norken GmbH,https://de.kompass.com/c/zeno-zerkleinerungsmaschinenbau-norken-gmbh/de642444/,ZENO-Platz 1 57629 Norken,49,+49 2661 959647,http://www.zeno.de,1978,DE147998020,Amtsgericht Montabaur  Registernummer: HRB 1993,"Herstellung und Vertrieb von Holzzerkleinerungsmaschinen, Speiseresteaufbereitungsanlagen, Biomüllaufbereitungsanlagen, Kunststoffzerkleinerungsmaschinen, Müllsortieranlagen, Förderanlagen, Sortieranlagen, Siebanlagen und Recyclinganlagen zur Restmüll, Datenträgervernichtungsanlagen, Hausmüll und Sperrmüllverwertung, Reifenzerkleinerungsanlagen, Ersatzbrennstoff-Aufbereitungsanlagen, Kunststoffaufbereitung. ",Richarda  Krüger  Geschäftsführung
3,Max Krüger GmbH & Co. KG,https://de.kompass.com/c/max-kruger-gmbh-co-kg/de622857/,Bahnhofstr. 18 56424 Moschheim,49,+49 2602 940850,http://www.mkm-keramik.de,1973,DE149322620,Von 20 bis 49 Mitarbeiter,Herstellung von Keramikkrügen und Keramiktöpfen für die Getränkeindustrie und Lebensmittelindustrie ,Herr Wolfgang  Krüger  Geschäftsführung
4,Reifen Specht Handels GmbH,https://de.kompass.com/c/reifen-specht-handels-gmbh/de622806/,Am Kirchenwald 1 56235 Ransbach-Baumbach,49,+49 2623 9243  139,http://www.Reifen-Specht.de,1980,DE811936308,Von 50 bis 99 Mitarbeiter,Reifenhandel ,Rosel  Specht  Geschäftsführung
5,Biron - Büro für IT-Implementierung,https://de.kompass.com/c/biron-buro-fur-it-implementierung/de504312/,Birkenweg 5 56479 Liebenscheid,49,+49 3212 1049507,,2004,DE268631539,DE504312,"Prozessoptimierung, Prozessmanagement, Softwareeinführung, Projektmanagement, ERP, PPS, Barcode, Lagerverwaltung. SAP Migration.  Gestalten prozesssicherer Abläufe - Implementieren intelligenter  Systeme.  Wir helfen Kunden im Mittelstand Prozesse zu verbessern und neue Systeme effiziert und prozesssicher zu implementieren. ",Herr Norbert  Biron  Geschäftsführung
6,zebo Fußbodenbau GmbH,https://de.kompass.com/c/zebo-fussbodenbau-gmbh/de505874/,Rheinstraße 24 b 56249 Herschbach,49,"+49 2626 970324, 2626 970328",http://www.zebo-fussbodenbau.de,1984,DE149319169,Von 20 bis 49 Mitarbeiter,Fussbodenbau ,Herr Wolfgang  Frensch  Geschäftsführung
7,Seelbach International GmbH,https://de.kompass.com/c/seelbach-international-gmbh/de505887/,Hauptstraße 20 56477 Rennerod,49,+49 2664 912810,http://www.seelbach-international.com,,DE813481480,keine Angabe,"Werkzeuge für die Natursteinbearbeitung, Bodenschleiftechnik und Staubfreisysteme ",Herr Uwe  Lindemann  Geschäftsführung
8,ESTIMATE Kunststoffteile GmbH,https://de.kompass.com/c/estimate-kunststoffteile-gmbh/de631501/,Zur Helenenruh 3 57627 Hachenburg,49,+49 2662 4117,http://www.esti.de,1984,DE147999862,Von 10 bis 19 Mitarbeiter,"Herstellung, Bearbeitung und Verarbeitung von Kunststoffteilen sowie der Handel mit diesen Produkten. ",Herr Robert Frank  Justen  Geschäftsführung
9,Kaiser Werkzeugbau GmbH,https://de.kompass.com/c/kaiser-werkzeugbau-gmbh/de636620/,Gewerbegebiet 56244 Helferskirchen,49,+49 2626 924320,http://www.kaiser-wzb.de,1984,DE811406672,"DE811406672




Firma anrufen
×








---


                        Service 
                        
Anrufkosten





* Diese Telefonnummer steht Ihnen für 5 min zur Verfügung. Dies ist nicht die Nummer der Kontaktperson, sondern eine Service Rufnummer, die Sie zu der gewünschten Person durchstellt.
                Dies ist ein Kompass SErvice. 
                Warum diese Nummer?









Derzeit sind alle Leitungen belegt, bitte versuchen Sie es später noch einmal.",Werkzeugbau sowie die Herstellung und der Vertrieb von feinmechanischen Produkten und artverwandten Artikeln. ,Thomas  Kaiser  Geschäftsführung
10,Heinz Gewässerschutz GmbH,https://de.kompass.com/c/heinz-gewasserschutz-gmbh/de630737/,Neubitz 5 56244 Ötzingen,49,+49 2602 81539,http://www.heinz-gewaesserschutz.de,1992,DE813945922,DE630737,"Herstellen von Beschichtungen und Abdichtungen aller Art für Auffangwannen aus Beton, Stahl, Kunststoffen, die verhindern, dass wassergefährdende Flüssigkeiten ins Grundwasser gelangen.  Erstellen von Produktionsanlagen und Entsorgungsanlagen im vorstehend genannten Tätigkeitsfeld in kompletter Ausführung.  Bodensanierungsarbeiten im Betriebsbodenbereich, Parkhausbereich und Brückenbereich;  PE-HD-Folienabdichtungen für Deponien, Wasserbecken und Chemielager;  WHG / MPA-Beschichtungen mit Prüfzeichen für wassergefährdende Medien;  Säurebauisolierungen. ",Herr Otmar  Heinz  Geschäftsführung
11,PORTNER GmbH,https://de.kompass.com/c/portner-gmbh/de630734/,Feincheswiese 11 56424 Staudt,49,+49 2602 942418,http://www.portner.de,1976,DE149319185,"DE149319185




Firma anrufen
×








---


                        Service 
                        
Anrufkosten





* Diese Telefonnummer steht Ihnen für 5 min zur Verfügung. Dies ist nicht die Nummer der Kontaktperson, sondern eine Service Rufnummer, die Sie zu der gewünschten Person durchstellt.
                Dies ist ein Kompass SErvice. 
                Warum diese Nummer?









Derzeit sind alle Leitungen belegt, bitte versuchen Sie es später noch einmal.","Herstellung und Vertrieb von Kunststoffgitterrosten.  Rohrleitungen, Kunststoff, säurefest  Pipes, plastic, acid resistant ",Birgit  Pfeil  Geschäftsführung
12,URSA CHEMIE GMBH,https://de.kompass.com/c/ursa-chemie-gmbh/de629185/,Am Alten Galgen 14 56410 Montabaur,49,+49 2602 921624,http://www.ursa-chemie.de,1970,DE149319396,"DE149319396




Firma anrufen
×








---


                        Service 
                        
Anrufkosten





* Diese Telefonnummer steht Ihnen für 5 min zur Verfügung. Dies ist nicht die Nummer der Kontaktperson, sondern eine Service Rufnummer, die Sie zu der gewünschten Person durchstellt.
                Dies ist ein Kompass SErvice. 
                Warum diese Nummer?









Derzeit sind alle Leitungen belegt, bitte versuchen Sie es später noch einmal.","Chemische und kosmetische Produkte, Auftragsproduktion, Logistik, Dienstleistung und mehr... Wir liefern:  - individuelle Reaktionsprodukte  - Mischprodukte  - Additive  - Emulsionen  - ganz nach Ihren Wünschen ",Rainer  Bloedhorn-Dausner  Geschäftsführung
13,Ein Unternehmen der Fischergruppe recyplast GmbH,https://de.kompass.com/c/recyplast-gmbh/de603225/,In der Struth 19 56204 Hillscheid,49,+49 2624 956020,http://www.fischergruppe.eu,"

                                                Link
",,Von 10 bis 19 Mitarbeiter,"Entsorgen und Verwerten, Zerkleinern sowie Vermarkten von Produktionsabfällen aus Kunststoffen und Sonderposten, Erarbeitung von Entsorgungkonzepten und Verwertungskonzepten für Kunststoffverarbeiter, Kunststoffrecycler ",Herr Thomas  Hayner  Betriebsleitung
14,Schwaderlapp-Glas GmbH,https://de.kompass.com/c/schwaderlapp-glas-gmbh/de622949/,Hermann-Geisen-Str. 68 56203 Höhr-Grenzhausen,49,+49 2624 203699,http://www.schwaderlapp-glas.de,2003,DE813709328,Von 0 bis 9 Mitarbeiter,Gestaltung und Vertrieb von Werbemitteln aus Glas ,Inge  Schwaderlapp  Geschäftsführung
15,Barme GmbH,https://de.kompass.com/c/barme-gmbh/de603901/,Berggarten 1 56427 Siershahn,49,+49 2602 942323,http://www.barme.de,1976,DE149339151,"DE149339151




Firma anrufen
×








---


                        Service 
                        
Anrufkosten





* Diese Telefonnummer steht Ihnen für 5 min zur Verfügung. Dies ist nicht die Nummer der Kontaktperson, sondern eine Service Rufnummer, die Sie zu der gewünschten Person durchstellt.
                Dies ist ein Kompass SErvice. 
                Warum diese Nummer?









Derzeit sind alle Leitungen belegt, bitte versuchen Sie es später noch einmal.",#NAME?,Herr Hans Joachim  Prangenberg  Geschäftsführung
16,M&M Militzer & Münch GmbH,https://de.kompass.com/c/m-m-militzer-munch-gmbh/de510144/,Industriegebiet Rohr 2 Sälzerstr. 56235 Ransbach-Baumbach,49,+49 2623 987120,http://www.mumnet.com,"

                                                Link
",,keine Angabe,"Militzer & Münch ist ein internationaler Dienstleister für Transportlogistik-Lösungen. Als Spezialist für Eurasien und Nordafrika bietet Militzer & Münch seine Dienstleistungen heute in West- und Osteuropa, in der Gemeinschaft Unabhängiger Staaten (GUS), im Maghreb sowie im Nahen, Mittleren und Fernen Osten an. Unser Netz umfasst mehr als 100 eigene Niederlassungen in über 30 Ländern. Darüber hinaus sind wir sowohl im Landverkehr als auch in der Luft- und Seefracht in strategische Allianzen und Kooperationen eingebunden. So können wir unseren Kunden flächendeckende und qualitativ hochwertige Leistungen in fünf Geschäftsbereichen anbieten: road, rail, air, sea und projects. ",Herr Alexander  Bruchof  Niederlassungsleitung
17,MK Industrievertretungen GmbH,https://de.kompass.com/c/mk-industrievertretungen-gmbh/de401400/,Rödernhahn 1b 56459 Stahlhofen am Wiesensee,49,+49 2663 3431,http://www.mk-gmbh.de,1984,DE148000398,Von 10 bis 19 Mitarbeiter,"Entwicklung, Produktion und Verkauf von Messtechnik für die Aluminiumindustrie und Eisengiesserei. ",Dieter  Knoche  Geschäftsführung
18,Klaus Schenkelberg & Partner Steuerberatungsgesellschaft,https://de.kompass.com/c/klaus-schenkelberg-partner-steuerberatungsgesellschaft/de407033/,Hohlstraße 6 56235 Ransbach-Baumbach,49,+49 2623 989796,http://www.schenkelberg-partner.de,,DE185938257,keine Angabe,Steuerberater. ,Herr Klaus  Schenkelberg  Finanzwesen
19,Franz Schamberger GmbH,https://de.kompass.com/c/franz-schamberger-gmbh/de400862/,Westerwaldstraße 1 56410 Montabaur,49,+49 2602 158355,http://www.schamberger-gmbh.de,1977,,DE400862,Schleiftechnik für Industrie und Handwerk ,
20,Baustoffe - Brennstoffe - Baufachmarkt Wolf GmbH & Co. KG,https://de.kompass.com/c/wolf-gmbh-co-kg/de510177/,Daimlerstraße 1 56414 Meudt,49,+49 6435 9697010,http://www.wolf-baustoffe.de,1953,DE153904685,Von 0 bis 9 Mitarbeiter,Handel mit Baustoffen und Brennstoffen ,Herr Edelbert  Wolf  Geschäftsführung
21,BMU Beratungsgesellschaft für mittelständische Unternehmen mbH,https://de.kompass.com/c/bmu-beratungsgesellschaft-fur-mittelstandische-unternehmen-mbh/de509741/,Gerichtsstr. 4 56410 Montabaur,49,+49 92602 921919,http://www.bmu-gmbh.de,2002,DE220725477,keine Angabe,Unternehmensberatung in den Bereichen:  - Externes Controlling  - Betriebswirtschaftliche Beratung  - Bankenkommunikation ,Dipl.-Kfm. Oliver  Weisbrod  Geschäftsführung
22,MICON KG,https://de.kompass.com/c/micon-kg/de507369/,Im Kurzenseifen 5 56244 Helferskirchen,49,+49 2626 926405,http://www.micon-kg.de,2004,DE241956794,keine Angabe,"Zu unserem Teilespektrum gehört der Maschinen- und Vorrichtungsbau, Lohnfertigung von komplexen und allgemeinen Maschinenteilen bis 5 Tonnen, Prototypenherstellung, Sondermaschinenbau, Kleinserienfertigung. ",Herr Michael  Cieslik  Geschäftsführung
23,F & L Plus Burow Fanghänel & Lohmann GmbH,https://de.kompass.com/c/f-l-plus-burow-fanghanel-lohmann-gmbh/de447684/,Gartenstr. 3 56244 Vielbach,49,+49 69 95680220,http://www.flplus.de,1986,DE114150666,Von 0 bis 9 Mitarbeiter,Agentur für Kommunikation - Wir sind auf Kommunikation im Airline Busisness spezialisiert. ,Herr Hans-Werner  Burow  Geschäftsführung
24,Walderdorff'sche Tongruben & Herz GmbH & Co KG,https://de.kompass.com/c/walderdorff-sche-tongruben-herz-gmbh-co-kg/de625715/,Hauptstraße 16 56412 Boden,49,+49 2602 80437,http://www.walderdorff-ton-herz.de,1970,,Von 20 bis 49 Mitarbeiter,"Ton für Keramik, Feuerfestprodukte und Sanitärartikel;  Dichtetone, Naturbentonite, ökologische Putzmassen und Stampfmassen, Rohstoff-Tone für Spezialanwendungen. ",
25,ASAHI MACHINERY EUROPE GmbH,https://de.kompass.com/c/asahi-machinery-europe-gmbh/de147828/,Robert-Bosch-Strasse 14 56410  Montabaur,49,+49 2602 18 00 55,http://www.dietec-asahi-europe.com,,DE220881093,Von 10 bis 19 Mitarbeiter,,
26,tube-tec trading GmbH & Co. KG,https://de.kompass.com/c/tube-tec-trading-gmbh-co-kg/de627930/,Hirtscheider Straße 13 - 15 57647 Nistertal,49,+49 2661 959180,http://www.tube-tec-trading.de,2004,DE814167485,"DE814167485




Firma anrufen
×








---


                        Service 
                        
Anrufkosten





* Diese Telefonnummer steht Ihnen für 5 min zur Verfügung. Dies ist nicht die Nummer der Kontaktperson, sondern eine Service Rufnummer, die Sie zu der gewünschten Person durchstellt.
                Dies ist ein Kompass SErvice. 
                Warum diese Nummer?









Derzeit sind alle Leitungen belegt, bitte versuchen Sie es später noch einmal.","Handel mit Rohren, Rohrbogen, Blech, Induktivbiegungen, Profilbiegungen, Halbrohren, Sonderbiegeteilen und Sonderfittings, Schmutzschalen sowie Blechbearbeitung und Laserbearbeitung ",Frau Ute  Brisch  Geschäftsführung
27,Braun - Windturbinen GmbH,https://de.kompass.com/c/braun-windturbinen-gmbh/de628088/,Südstraße 19 57583 Nauroth,49,+49 2747 914053,http://www.braun-windtechnik.de,2006,DE245819472,Von 0 bis 9 Mitarbeiter,Herstellung und Vertrieb von Kleinwindkraftanlagen ,Frau Manuela  Ermert Braun  Geschäftsführung
28,Glas Schneider GmbH & Co.KG,https://de.kompass.com/c/glas-schneider-gmbh-co-kg/de618410/,Saynstraße 33 57627 Hachenburg,49,+49 2662 800840,http://www.glas-schneider.de,1950,,Von 20 bis 49 Mitarbeiter,Produktion und Vertrieb von High-Tech-Multifunktionsgläsern ,Herr Willi  Schneider  Geschäftsführung
29,IGEFA WEINBRENNER Energy Solutions GmbH,https://de.kompass.com/c/igefa-weinbrenner-energy-solutions-gmbh/de625217/,Industriestraße 11 56472 Hof,49,+49 2661 912233,http://www.DerWaermetauscher.de,1976,DE126572432,DE625217,"- Engineering, Konstruktion und Produktion für Apparate der Elektrowärmetechnik, Fernwärmetechnik und Abwärmetechnik  - Wärmeübertrager  - Rohrbündel-Wärmetauscher / Röhrenwärmetauscher  - Wärmetauscher für die Pharmaindustrie  - Wärmetauscher für die Fer",Jürgen  Umlauf  Geschäftsführung
30,Miss Ulrike Textilvertrieb e. K. Inh. Dieter Hillert,https://de.kompass.com/c/miss-ulrike-textilvertrieb-e-k-inh-dieter-hillert/de614519/,Industriestr. 56457 Halbs,49,+49 2663 980949,http://www.miss-ulrike.de,1982,DE811205317,Von 0 bis 9 Mitarbeiter,Produktion und Vertrieb von Wellnessmode und Freizeitmode ,Herr Dieter  Hillert  Geschäftsführung
31,DGKK Service GmbH,https://de.kompass.com/c/dgkk-service-gmbh/de727201/,Katharina-Kasper-Str. 12 56428 Dernbach,49,+49 2602 930127,http://www.innova-dernbach.de,2002,DE224525136,Von 250 bis 499 Mitarbeiter,Verpflegungslösungen für Kliniken und Altenheimen sowie für Schulen und Kindergärten ,Herr Alfons  Donat  Geschäftsführung
32,Schreiber Werkzeugbau GmbH,https://de.kompass.com/c/schreiber-werkzeugbau-gmbh/de724216/,Pleurtuitstr. 6a 56235 Ransbach-Baumbach,49,+49 2623 80334,http://www.schreiber-werkzeugbau.de,1999,DE202962956,Von 0 bis 9 Mitarbeiter,"Werkzeugbau, Anlagenbau und Maschinenbau ",Rainer  Hößel  Geschäftsführung
33,Fuhrländer Aktiengesellschaft,https://de.kompass.com/c/fuhrlander-aktiengesellschaft/de633742/,Graf-Zeppelin-Str. 11 56479 Liebenscheid,49,+49 2664 996633,http://www.fuhrlaender.de,1962,DE811339188,keine Angabe,"Herstellung und Vertrieb von Windkraftanlagen, Anlagen zur Nutzung von regenerativen Energien, Meerwasserentsalzungsanlagen, Luftreinigungssystemen. ",Herr Werner  Heer  Vorstand
34,Verzinkerei Sahm GmbH,https://de.kompass.com/c/verzinkerei-sahm-gmbh/de635003/,Salzburger Straße 13 56479 Oberroßbach,49,+49 2667 951134,http://www.sahm-verzinkerei.de,1946,,DE635003,Durchführung von Verzinkungsarbeiten. ,Ulf Lüder  Sahm  Geschäftsführung
35,Response Republik Beteiligungsgesellschaft Deutschland GmbH,https://de.kompass.com/c/response-republik-beteiligungsgesellschaft-deutschland-gmbh/de618667/,Elgendorfer Str. 57 56410 Montabaur,49,+49 2602 961810,,1999,DE204718809,Von 0 bis 9 Mitarbeiter,Online Media-Lösungen ,Herr Matthias  Wahl  Geschäftsführung
36,GravoPrintec Schilderfabrik GmbH,https://de.kompass.com/c/gravoprintec-schilderfabrik-gmbh/de103211/,Am Berg 5 57648 Unnau,49,+49 2661 914142,http://www.gravoprintec.de,,DE812343990,Von 10 bis 19 Mitarbeiter,,Bernd  Wenzelmann  Geschäftsführung
37,Aldorf Maschinenbau GmbH,https://de.kompass.com/c/aldorf-maschinenbau-gmbh/de624363/,Lochumer Straße 1 57629 Linden,49,+49 2666 9124979,http://www.aldorf.de,1993,DE155675740,DE624363,"Abkantarbeiten  Allgemeine Industriemontagen  Blechbau, wie Behälter oder Wannen  Brennteile aus Normstahl, Edelstahl A2 und A4  Einzelfertigungen bis zu Kleinstserien  komplette Stahlkonstruktionen nach Zeichnungen (Ofengehäuse usw.),  Lohnfertigung  Rohrleitungsbau  Schweisskonstruktionen, Verfahren MAG, WIG, Bolzenschweissen, Reibschweissen  Verankerungen Feuerfestbau  Verankerungen im Strassenbau und Brückenbau ",Achim  Aldorf  Geschäftsführung
38,HS Hallensysteme GmbH,https://de.kompass.com/c/hs-hallensysteme-gmbh/de633700/,Holzbachstraße 8 56249 Herschbach,49,+49 2626 76652,http://www.hallensysteme.com,1991,DE149318078,Von 20 bis 49 Mitarbeiter,"Entwicklung, Vertrieb und Bau von Gewerbebauten und Industriebauten, Zeltdachhallen und deren eventuellen Marksubstituten. ",Kurt  Müller  Geschäftsführung
39,Maik Held GmbH,https://de.kompass.com/c/maik-held-gmbh/de108861/,An der Hohlgass 6 56459 Stockum-Püschen,49,+49 26 61  9491  51,http://www.held-daecher.de,,DE157821556,Von 10 bis 19 Mitarbeiter,,Maik  Held  Geschäftsführung
40,BALANCED INVEST GMBH,https://de.kompass.com/c/balanced-invest-gmbh/de126905/,Karlstrasse 30 56242  Selters,49,+49 2626 24 84 99,http://www.balanced-invest.com,,DE244257790,Von 10 bis 19 Mitarbeiter,,Johannes  Degenkolb  Geschäftsführung
41,1a Personalpartner GmbH,https://de.kompass.com/c/1a-personalpartner-gmbh/de126596/,Alleestr. 28 56410 Montabaur,,,http://www.1a-personalpartner.de,,DE234102911,Von 50 bis 99 Mitarbeiter,,Simone  Spitzer  Geschäftsführung
42,Roos & Co. Kunststoff- und Metallverarbeitungs GmbH,https://de.kompass.com/c/roos-co-kunststoff-und-metallverarbeitungs-gmbh/de635651/,Am Alten Galgen 9 56410 Montabaur,49,+49 2602 4000,http://www.roos-kunststofftechnik.de,1985,DE206662872,"DE206662872




Firma anrufen
×








---


                        Service 
                        
Anrufkosten





* Diese Telefonnummer steht Ihnen für 5 min zur Verfügung. Dies ist nicht die Nummer der Kontaktperson, sondern eine Service Rufnummer, die Sie zu der gewünschten Person durchstellt.
                Dies ist ein Kompass SErvice. 
                Warum diese Nummer?









Derzeit sind alle Leitungen belegt, bitte versuchen Sie es später noch einmal.",Kunststoffverarbeitung uund Metallverarbeitung ,Erhard  Ferdinand  Geschäftsführung
43,W. & W. Günther GmbH,https://de.kompass.com/c/w-w-gunther-gmbh/de635276/,Krugbäckerstr. 12 56424 Mogendorf,49,+49 2623 962720,http://www.wwguenther.de,1978,DE149317059,Von 20 bis 49 Mitarbeiter,"Metallbearbeitung, speziell spanlose Formgebung, Stanztechnik und Ziehtechnik, Kastenbau und Konstruktionsbau ",Ralph  Günther  Geschäftsführung
44,Tokheim Steinebach GmbH,https://de.kompass.com/c/tokheim-steinebach-gmbh/de634162/,Beim Kalksbrunnen 56412 Nentershausen,49,+49 6485 8959,http://www.tokheim-steinebach.de,"

                                                Link
",DE196206612,"DE196206612




Firma anrufen
×








---


                        Service 
                        
Anrufkosten





* Diese Telefonnummer steht Ihnen für 5 min zur Verfügung. Dies ist nicht die Nummer der Kontaktperson, sondern eine Service Rufnummer, die Sie zu der gewünschten Person durchstellt.
                Dies ist ein Kompass SErvice. 
                Warum diese Nummer?









Derzeit sind alle Leitungen belegt, bitte versuchen Sie es später noch einmal.","Tankstellenbau und Anlagenbau, Behälterbau, Hochbau und Tiefbau. Montage und Wartung von:  Mineralölindustrie, Chemische Industrie, Luftfahrt, Wasseraufbereitung, Tankrevision, Desinvestment, Service rund um die Tankstelle. ",Herr Karl-Heinz  Steinebach  Geschäftsführung
45,Bte Bedampfungstechnik GmbH,https://de.kompass.com/c/bte-bedampfungstechnik-gmbh/de110726/,Am Ganzacker 2 56479 Elsoff,49,+49 2664 99 60 60,http://www.bte-born.de,,DE 176733660,Von 10 bis 19 Mitarbeiter,,Geschäftsführung
46,Frank Rüßler Work4u24.de Work4u24.de,https://de.kompass.com/c/frank-russler-work4u24-de-work4u24-de/de438484/,Mittelstraße 6 a 56244 Vielbach,49,+49 2626 9239267,http://www.work4u24.de,2007,DE255109457,DE438484,EDV-Beratung sowie Design und Druck von Werbematerial. ,Herr Frank  Rüßler  Geschäftsführung
47,Synthese Dental Labor GmbH & Co. KG,https://de.kompass.com/c/synthese-dental-labor-gmbh-co-kg/de643541/,Neustraße 30 56457 Westerburg,49,+49 2663 9119020,,1981,,DE643541,Betrieb eines Dentallabors. Zahnprothetik ,Frau Brigitte  Reusch  Geschäftsführung
48,Andreas Wolf Wolf Records Media,https://de.kompass.com/c/andreas-wolf-wolf-records-media/de438475/,Hauptstr. 10 56479 Liebenscheid,49,+49 2667 701,http://www.wolf-records.de,,DE235714085,keine Angabe,"CD-Pressung, CD-Glasmaster, CD-Rohlinge, CD-Kopien, DVD-Pressung, DVD-Glasmaster, DVD-Rohlinge, DVD-Kopien, Digital-Druck, Offset-Druck und Konfektionierung ",
49,entis systemtechnik gmbh,https://de.kompass.com/c/entis-systemtechnik-gmbh/de625789/,Siegener Straße 6 56477 Rennerod,49,+49 2664 9118030,http://www.entis-gmbh.de,2002,DE225706641,Von 0 bis 9 Mitarbeiter,"Ingenieurleistungen in den Bereichen Metallindustrie, chemische Industrie, Umwelttechnik sowie Maschinenbau und Anlagenbau. ",Dipl.-Ing. Jörg  Schwarz  Geschäftsführung
50,WERK STEINEFRENZ Saint-Gobain Ceramic Materials GmbH,https://de.kompass.com/c/saint-gobain-ceramic-materials-gmbh/de626985/,Am Bahnhof 56414 Steinefrenz,49,+49 6435 965719,http://www.saint-gobain.com,1980,DE121680336,Von 20 bis 49 Mitarbeiter,"Herstellung und Vertrieb von Hilfsstoffen und Zusatzstoffen für die Keramikindustrie, die chemische Industrie, die petrochemische Industrie und die Umwelttechnik. ",Herr Dean  Warner  Geschäftsführung
51,Partnerbau Braun GmbH & Co. KG,https://de.kompass.com/c/partnerbau-braun-gmbh-co-kg/de414252/,Auf dem Kessling 12 56414 Niederahr,49,+49 2602 1069760,http://www.partnerbau.de,1996,DE178021113,Von 20 bis 49 Mitarbeiter,Kellerbauunternehmen ,Herr Hans  Braun  Geschäftsführung
52,trumm + wolff consult GmbH,https://de.kompass.com/c/trumm-wolff-consult-gmbh/de640342/,Rheinstraße 28 56424 Mogendorf,49,+49 26 23) 96 37-37,http://www.twc-gmbh.de,1990,DE30/650/0905/6,Von 10 bis 19 Mitarbeiter,"Reparatur und Service von technischen Anlagen der Landwirtschaft; Reifenservice und Reifenhandel; Vertrieb von Maschinen und Anlagen für die Agrartechnik, sowie Innenmechanisierungsanlagen und Aussenmechanisierungsanlagen. Vertrieb und Montage von Stahlbauleistungen; ",Rainer  Trumm  Geschäftsführung
53,WF - Werner Floreth GmbH - Tief- und Fernmeldebau,https://de.kompass.com/c/wf-werner-floreth-gmbh-tief-und-fernmeldebau/de114433/,Hauptstrasse 17 56412 Niederelbert,49,+49 26 0218 00 49,http://www.floreth.de,,DE149316881,Von 10 bis 19 Mitarbeiter,,Jörg  Floreth  Geschäftsführung
54,Werner Meurer GmbH & Co. KG,https://de.kompass.com/c/werner-meurer-gmbh-co-kg/de114442/,Auf der Klaus 6 56422 Wirges,49,+49 2602 942623,http://www.meurer-bedachungen.de,,DE149324037,Von 10 bis 19 Mitarbeiter,,Ronny  Freudenberg  Geschäftsführung
55,Bernd Lehmler GmbH,https://de.kompass.com/c/bernd-lehmler-gmbh/de114438/,Backeswiese 3 56412  Welschneudorf,49,+49 2608 1417,http://www.lehmler.de,,DE 149 340 463,Von 10 bis 19 Mitarbeiter,,Bernd  Lehmler  Geschäftsführung
56,KFM GmbH,https://de.kompass.com/c/kfm-gmbh/de114422/,Eisensteinstr. 4 56235 Ransbach-Baumbach,49,+49 2623 9293 200,http://www.kfm-gmbh.de,,DE 149 280 466,Von 10 bis 19 Mitarbeiter,,Nicole  Günther  Geschäftsführung
57,AMUSA GmbH,https://de.kompass.com/c/amusa-gmbh/de610630/,Kastanienallee 16 56427 Siershahn,49,+49 2623 79 79 591,http://www.amusa.de,1992,,Von 0 bis 9 Mitarbeiter,Anbieter von betriebsärztliche und sicherheitstechnische Betreuung ,Vladimir  Agular  Geschäftsführung
58,Jürgen Seiler Graviertechnik + Laserbeschriftung,https://de.kompass.com/c/jurgen-seiler-graviertechnik-laserbeschriftung/de610689/,Aßbergsgrund 14 57629 Limbach,49,+49 2661 945161,http://www.juergen-seiler.de,1974,DE204732524,DE610689,"Fertigung von Schildern, Frontplatten und Gravuren aller Art ",Jürgen  Seiler  Inhaber
59,Roca GmbH,https://de.kompass.com/c/roca-gmbh/de401633/,Feincheswiese 17 56424 Staudt,49,+49 2602 936122,http://www.roca.es,1979,,DE401633,Vertrieb von Sanitärprodukten. ,
60,PTM GmbH,https://de.kompass.com/c/ptm-gmbh/de634460/,Betzdorfer Straße 20 57583 Nauroth,49,+49 2747 920522,http://www.ptm-group.com,2008,DE259126788,Von 50 bis 99 Mitarbeiter,"Umformtechnik: Stanzteile, Ziehteile und Pressteile. ",Herr Peter  Trzinski  Geschäftsführung
61,ah graphics & systems,https://de.kompass.com/c/ah-graphics-systems/de400123/,Hauptstraße 3 56424 Bannberscheid,49,+49 2623 921553,http://www.ah-graphics.de,2001,,DE400123,Dienstleister in den Bereichen der Datenverarbeitung und der Informations-Technologie speziell für kleinere und mittelständische Unternehmen. ,Herr Alexander  Heinz  Inhaber
62,Ferger Metallbau GmbH,https://de.kompass.com/c/ferger-metallbau-gmbh/de634076/,Stuhllindenstr. 19 -21 56459 Winnen,49,+49 2663 290555,http://www.ferger-metallbau.de,1954,DE148555364,Von 50 bis 99 Mitarbeiter,"Herstellung, Vertrieb und Montage von Fenstern, Türen, Automatiktüren und Fassaden aus Aluminium. ",Herr Karl-Heinz  Ferger  Geschäftsführung
63,B.B.T. Immobilienverwaltungs GmbH,https://de.kompass.com/c/b-b-t-immobilienverwaltungs-gmbh/de634048/,Leystr. 14 57629 Luckenbach,49,+49 2662 2727,http://www.bothe-hild.de,1970,DE238528289,Von 0 bis 9 Mitarbeiter,Herstellung und Montage von Industrietoranlagen sowie Bauschlosserarbeiten ,Herr Heribert  Kaiser  Geschäftsführung
64,AKM-Tore GmbH,https://de.kompass.com/c/akm-tore-gmbh/de634052/,Friedrich-Pfeiffer-Str. 2 56459  Langenhahn,49,+49 2663 790930,http://www.akm-tore.de,1983,DE 292 993 283,Von 10 bis 19 Mitarbeiter,"Herstellung und Vertrieb von Garagentoren und Garagentüren, Fertigung von Rolltoren ",Jens Ulrich  Schmidt  Geschäftsführung
65,werbe- und medienagentur Sven Orthey abc-art brain connection Werbeagentur,https://de.kompass.com/c/sven-orthey-abc-art-brain-connection-werbeagentur/de608133/,Robert-Bosch-Str. 10Haus 1 56410 Montabaur,49,+49 2602 9344029,http://www.art-brain-connection.de,2002,DE220871389,DE608133,Full-Service Agentur  Marketing  Werbung  Media  New Media  Messe und Events  Presse-Events ,Herr Sven  Orthey  Geschäftsführung
66,SKT-Schrupp GmbH,https://de.kompass.com/c/skt-schrupp-gmbh/de600413/,Hauptstraße 33 56472 Nisterberg,49,+49 2662 9823636,http://www.sktschrupp.de,2000,DE208293365,"DE208293365




Firma anrufen
×








---


                        Service 
                        
Anrufkosten





* Diese Telefonnummer steht Ihnen für 5 min zur Verfügung. Dies ist nicht die Nummer der Kontaktperson, sondern eine Service Rufnummer, die Sie zu der gewünschten Person durchstellt.
                Dies ist ein Kompass SErvice. 
                Warum diese Nummer?









Derzeit sind alle Leitungen belegt, bitte versuchen Sie es später noch einmal.","Ihr Partner in Sachen Kunststoff. Wir besitzen die Fachbetriebsanerkennung nach § 19L des Wasserhaushaltsgesetzes (WHG) und fertigen nach den aktuellen DVS-Richtlinien. Verwendet werden die thermoplastischen Kunststoffe: PVC, PVC-C, PP, PE, PVDF  Absperrklappen, Kunststoff; Drosselklappen, Kunststoff; Schüttgutschieber, Kunststoff; Gitterroste, Kunststoff;  Verschraubungen, Kunststoff; Bodeneinläufe, Kunststoff; Behälter, Kunststoff, säurebeständig; Spritzteile und Tiefziehteile, Kunststoff, nach Kundenwunsch; Demister, Kunststoff, für Flüssigkeitsabscheider; Auffangwannen, Kunststoff, für wassergefährdende Stoffe; Kolonneneinbauten; Schmutzfänger, Kunststoff; Schrägsitzventile; Säurearmaturen; Rückschlagkappen, Kunststoff; Abluftwäscher ",Rainer  Schmidt  Geschäftsführung
67,Koch Bedachungen GmbH,https://de.kompass.com/c/koch-bedachungen-gmbh/de607233/,Breslauer Straße 23 56422 Wirges,49,+49 2602 930345,http://www.koch-dach.de,1991,DE149318537,Von 100 bis 249 Mitarbeiter,Industriebedachungen:  - Montage von Auffangschutznetzen für Trapezblech und Faserzementwellplatten  - Trapezblechmontage  - Dachabdichtungen mit Kunststoffdachbahnen und Bitumenschweissbahnen  - Stehfalzeindeckung in Zink und Kupfer  - Wandtrapezblechmontage  - KAL-ZIP Dächer  - Fassaden in Aluwelle  - Tiefgaragenabdichtung  - Dachbegrünung  - Klempnerarbeiten  - Parkdecks  - Umkehrdächer  Wohnhäuser und Geschäftshäuser:  - Betondacheindeckung und Tondachsteineindeckung  - Naturschiefereindeckung und Kunstschiefereindeckung  - Flachdachabdichtung  - Stehfalzeindeckung in Zink und Kupfer  - Dachbegrünung  - Klempnerarbeiten ,Herr Klaus  Koch  Geschäftsführung
68,Schneider Recycling GmbH & Co. KG,https://de.kompass.com/c/schneider-recycling-gmbh-co-kg/de607252/,Fuhrweg 1-3 56337 Simmern,49,+49 2620 956920,http://www.schneider-recycling.de,1996,DE176744025,Von 50 bis 99 Mitarbeiter,,Thomas  Schneider  Geschäftsführung
69,United Internet Media GmbH,https://de.kompass.com/c/united-internet-media-gmbh/de447164/,Elgendorfer Straße 57 56410 Montabaur,49,+49 721 913741600,http://www.united-internet-media.de,2006,DE246413171,Von 0 bis 9 Mitarbeiter,Anbieter von Internet-Dienstleistungen. ,Rasmus  Giese  Geschäftsführung
70,TUBE-TEC Rohrverformungstechnik GmbH,https://de.kompass.com/c/tube-tec-rohrverformungstechnik-gmbh/de600478/,Hirtscheider Straße 13 - 15 57647 Nistertal,49,+49 2661 959195,http://www.tube-tec.de,1995,DE 174269278,Von 100 bis 249 Mitarbeiter,"Rohrschlangensysteme, zylindrisch, konisch, spiralförmig, Rohrschlangen für Synthesegaskühlung, Dampfkesselkomponenten, Wärmeträgerölanlagen, Flachschlangen, Rohrbogen mit Sonderradien bis Rohr-Ø 406,4 mm, Ringleitungen, Biegungen nach Isometrien für Kesselwände; Zulassungen: HPO, WO/TRD 100, GL Bureau Veritas, DGRL, Stamp Holder for ASME SEC. VIII Div.1 and SEC I U + S, China Manufacturers Lisence for pressure vessel level A2 and for organic fluid boilers;  Biegungen für den Kesselbau  Economiser, Wärmeaustauscher, Speisewasservorwärmer, Kraftwerksrohrleitungen, Industrierohrleitungen ",Claudia  Seiler  Geschäftsführung
71,Metalldrückerei-Umformtechnik Helmut Rübsamen GmbH & Co. KG,https://de.kompass.com/c/helmut-rubsamen-gmbh-co-kg/de600480/,Carl-Goerdeler-Allee 6 56470 Bad Marienberg,49,+49 2661 98515154,http://www.helmut-ruebsamen.de,1960,DE148556293,Von 250 bis 499 Mitarbeiter,"Drückteile aus allen verformbaren Metallen; Stahl und Edelstahl, Rondendurchmesser 1.000 mm; nach Muster oder Zeichnung; Eigener Werkzeugbau, Schablonen, Lohnarbeit, Metall; Stanzteile und Ziehteile bearbeiten wir bis 260 t Druckleistung, Exenterpressung, Präzisionsmechanische Serienteile ",Dipl.-Ing. Thomas  Röttger  Geschäftsführung
72,Thermo Electron LED GmbH Werk Niederelbert,https://de.kompass.com/c/thermo-electron-led-gmbh-werk-niederelbert/de510352/,Stockland 3 56412 Niederelbert,49,+49 2606 1069950,http://www.thermo.com,"

                                                Link
",,keine Angabe,,Geschäftsführung
73,HASA Konstruktions- und Produktionstechnik e. K.,https://de.kompass.com/c/hasa-konstruktions-und-produktionstechnik-e-k/de439552/,Krugbäckerstr. 20 56235 Ransbach-Baumbach,49,+49 2623 928845,http://www.hasa-konstruktion.de,2006,,DE439552,"Maschinenbau, Prototypenbau. ",Dipl.-Ing. Hamid  Shamlou-Sand  Geschäftsführung
74,Michael Bruch Elektrotechnik GmbH,https://de.kompass.com/c/michael-bruch-elektrotechnik-gmbh/de109939/,Im Kurzenseifen 3 56244 Helferskirchen,49,+49 2626 9239799,http://www.bruch-elektrotechnik.de,,DE185199303,Von 10 bis 19 Mitarbeiter,,Michael  Bruch  Geschäftsführung
75,Magmapool Sales & Marketing Services AG,https://de.kompass.com/c/magmapool-sales-marketing-services-ag/de140973/,Bahnallee 11-13 56410  Montabaur,49,+49 26 02 68 69 6 99,http://www.magmapool.de,,DE 227667991,Von 10 bis 19 Mitarbeiter,,Detlev  Fey  Vorstand
76,BLEN Metalltechnik GmbH,https://de.kompass.com/c/blen-metalltechnik-gmbh/de130195/,Gewerbegebiet Neubitz 1 56244 Ötzingen,49,+49 26 02949 63 69,http://www.blen-metalltechnik.de,,DE206663302,Von 10 bis 19 Mitarbeiter,,Thomas  Engel  Geschäftsführung
77,Gebr. Benner GmbH,https://de.kompass.com/c/gebr-benner-gmbh/de437844/,Neustraße 15 56462 Höhn,49,+49 2661 40818,http://www.schreinerei-benner.de,1931,DE148533451,Von 0 bis 9 Mitarbeiter,"Möbelschreinerei, Innenausbau und Bauschreinerei ",Herr Jürgen  Benner  Geschäftsführung
78,Galeski Werkzeuge und Maschinen Inh. Peter Galeski,https://de.kompass.com/c/galeski-werkzeuge-und-maschinen-inh-peter-galeski/de636854/,Boschstraße 4+7 56457 Westerburg,49,+49 2663 943737,http://www.galeski.de,1990,DE148546450,DE636854,Herstellung und Vertrieb von Werkzeugen und Maschinen für die Steinbearbeitung. ,Herr Peter  Galeski  Inhaber
79,Metallbau Karl-Heinz Diehl GmbH,https://de.kompass.com/c/metallbau-karl-heinz-diehl-gmbh/de132762/,Alsbergweg 10 56479  Rehe,49,+49 2664 993322,http://www.metallbau-diehl.de,,DE 813927946,Von 10 bis 19 Mitarbeiter,,Karl-Heinz  Diehl  Geschäftsführung
80,S&P Federnwerk GmbH & Co. KG,https://de.kompass.com/c/s-p-federnwerk-gmbh-co-kg/de637546/,An der Haselmauer 2 56472 Nisterau,49,+49 2661 69,http://www.federnwerk.com,1999,DE201355679,Von 50 bis 99 Mitarbeiter,"Herstellung, Vertrieb, Handel und Provisionsgeschäfte mit Federn aus Metall. ",Horst  Gehann  Geschäftsführung
81,FAN-OMENAL Geschenkartikel GmbH,https://de.kompass.com/c/fan-omenal-geschenkartikel-gmbh/de436171/,Freirachdorfer Straße 22 56271 Roßbach,49,+49 26 80 95 13 55,http://www.fan-o-menal.de,1997,DE812319270,Von 10 bis 19 Mitarbeiter,"Hersteller von Wimpel, Fahnen, Etiketten, Aufkleber. ",Ulrich  Hümmerich  Geschäftsführung
82,tis touristik-informations-systeme GmbH,https://de.kompass.com/c/tis-touristik-informations-systeme-gmbh/de414981/,Rheinstrasse 28 56424  Mogendorf,49,+49 2623 49 81,http://www.touristik-online.de,1987,DE149316322,Von 10 bis 19 Mitarbeiter,Gästeinformationssysteme ,Ulrike  Schwamborn  Geschäftsführung
83,GPU GmbH,https://de.kompass.com/c/gpu-gmbh/de132179/,Burgweg 7 56428 Dernbach,49,+49 2602 81329,http://www.bauundgrund.de,,DE3066011372,Von 10 bis 19 Mitarbeiter,,Lutz  Lakomski  Geschäftsführung
84,Visio Consult Nord GmbH,https://de.kompass.com/c/visio-consult-nord-gmbh/de183755/,Aubachstr. 7 56410 Montabaur,49,+49 2687 9289242,http://www.visioconsult-nord.de,,,DE183755,Unternehmensberatung ,Viktor  Weimer  Geschäftsführung
85,CATO Sozietät für Kommunikationsberatung GmbH,https://de.kompass.com/c/cato-sozietat-fur-kommunikationsberatung-gmbh/de182228/,Hauptstr. 30 56412 Horbach bei Montabaur,49,+49 6439 929929,http://www.cato-sozietaet.de,,DE221963899,Von 10 bis 19 Mitarbeiter,,Mechtild  Friedhoff-Kocks  Geschäftsführung
86,Warbinek Umweltdienste GmbH & Co. KG,https://de.kompass.com/c/warbinek-umweltdienste-gmbh-co-kg/de196373/,Vor der Neuwiese 3 57629 Luckenbach,49,+49 2662 4708,http://www.warbinek.eu,,DE222877608,Von 10 bis 19 Mitarbeiter,,Jörg  Warbinek  Geschäftsführung
87,Stendebach Betteninnovation fur Generation,https://de.kompass.com/c/stendebach-betteninnovation-fur-generation/de201125/,Hammerweg 1 56410 Montabaur,49,+49 2602 999 53 10,http://www.betteninnovation.com,,DE 812002743,Von 100 bis 249 Mitarbeiter,,Markus  Stendebach  Inhaber
88,redblue energy GmbH & Co. KG,https://de.kompass.com/c/redblue-energy-gmbh-co-kg/de197918/,Hachenburger Straße 1 57629 Müschenbach,49,+49 26 62 9 48 93 60,http://www.redblue-energy.com,,DE277575325,Von 10 bis 19 Mitarbeiter,,Achim  Kämpf  Geschäftsführung
89,Schäfer Hörgeräte GmbH,https://de.kompass.com/c/schafer-horgerate-gmbh/de416566/,Johann-August-Ring 3 57627 Hachenburg,49,+49 2662 50326,http://www.schaefer-hoergeraete.de,1993,,DE416566,Herstellung und Service von Hörgeräten. ,
90,Schreinerei Gerhard Walet,https://de.kompass.com/c/schreinerei-gerhard-walet/de194282/,Hauptstr. 3 56412  Daubach,49,+49 2602 18910,http://www.walet.de,,DE204718212?,Von 10 bis 19 Mitarbeiter,,Gerhard  Walet
91,Poly-Nister-Plastik GmbH & Co KG,https://de.kompass.com/c/poly-nister-plastik-gmbh-co-kg/de636411/,Hochstraße 1 57629 Streithausen,49,+49 2662 946904,http://www.polynisterplastik.de,2001,,DE636411,"Entwicklung, Herstellung und Vertrieb von Kunststoffartikeln und Formen und Werkzeugen zur Herstellung von Kunststoffartikeln artverwandten Gegenständen ",Dipl.-Betrw. Johannes  Rattay  Geschäftsführung
92,Quattro Fliesen GmbH,https://de.kompass.com/c/quattro-fliesen-gmbh/de414512/,Rheinstraße 96 56235 Ransbach-Baumbach,49,+49 2623 4986,http://www.quattro-fliesen.de,1998,,DE414512,Handel mit Fliesen und Natursteinverkleidungen. ,
93,NOVOCONTROL Technologies GmbH & Co. KG,https://de.kompass.com/c/novocontrol-technologies-gmbh-co-kg/de413866/,Aubachstr. 1 56410 Montabaur,49,+49 2602 91966933,http://www.novocontrol.de,2004,DE234102753,Von 10 bis 19 Mitarbeiter,,Dr. G.  Schaumburg  Geschäftsführung
94,Novotec GmbH,https://de.kompass.com/c/novotec-gmbh/de413880/,Im Stockland 6 56412 Niederelbert,49,+49 2602 917786,http://www.novotec-online.com,1991,DE149321080,Von 0 bis 9 Mitarbeiter,Entwicklung und Vertrieb von Gasdruckfedern. ,
95,inoxtec Medizin- und Reinraumtechnik GmbH,https://de.kompass.com/c/inoxtec-medizin-und-reinraumtechnik-gmbh/de611652/,Auf der Heide 2 57629 Norken,49,+49 40 72810713,http://www.inoxtec.de,2004,DE302931228,"DE302931228




Firma anrufen
×








---


                        Service 
                        
Anrufkosten





* Diese Telefonnummer steht Ihnen für 5 min zur Verfügung. Dies ist nicht die Nummer der Kontaktperson, sondern eine Service Rufnummer, die Sie zu der gewünschten Person durchstellt.
                Dies ist ein Kompass SErvice. 
                Warum diese Nummer?









Derzeit sind alle Leitungen belegt, bitte versuchen Sie es später noch einmal.",#NAME?,Herr Karsten  Inderbiehten  Geschäftsführung
96,SEIFER & HUMMRICH GmbH,https://de.kompass.com/c/seifer-hummrich-gmbh/de144621/,Bergstraße 14 57629 Atzelgift,49,+49 2662 930068,http://www.seifer-hummrich.de,,DE141675275,Von 10 bis 19 Mitarbeiter,,Thomas  Seifer  Geschäftsführung
97,Moritz Bau GmbH,https://de.kompass.com/c/moritz-bau-gmbh/de164329/,Am Acker 15 57629 Steinebach,49,+49 2662 5850,http://www.moritzbau.com,,DE147996554,Von 10 bis 19 Mitarbeiter,,Tanja  Moritz-Käß  Geschäftsführung
98,Eberz GmbH & Co. KG,https://de.kompass.com/c/eberz-gmbh-co-kg/de187165/,Gartenstraße 2 56244  Hartenfels,49,+49 26 26 78 81 3,http://www.eberz-bau.de,,,DE187165,,Heinz  Eberz  Geschäftsführung
99,BAUtec Gebr. Schönberger GmbH,https://de.kompass.com/c/bautec-gebr-schonberger-gmbh/de114534/,Grubenstraße 20 56462 Höhn,49,+49 2 66 1  94 92 32,http://www.bautec-hoehn.de,,,DE114534,,Torsten  Krempel  Geschäftsführung
100,MOHR - Holzbau GmbH,https://de.kompass.com/c/mohr-holzbau-gmbh/de114539/,Am Wolfsgestell 2 56477 Rennerod,49,+49 2664 99441,http://www.mohr-holzbau.net,,DE211916774,Von 10 bis 19 Mitarbeiter,,Peter  Menges  Geschäftsführung
